function_id,name,member_residues_uniprot,state_scope,objective,priority,notes
F01,bind_A_Caspr4,"857-865;871;876;908;911;912;915",A_Caspr4,maximize_A_binding_and_canonical_register,high,contact_union_from_4NXQ_plus_known_switch_sites
F02,reject_B_Syndecan1,"857-866;876;908;911;912;915;920",B_SDC1,minimize_B_binding_without_breaking_fold_or_shared_anchor,high,B_is_weak_not_absolute_nonbinder_in_QM
F03,shared_terminal_carboxylate_anchor,850-865,A_and_B,hard_geometry_guardrail,critical,Y858_G859_free_C_terminal_carboxylate_anchor_and_beta2_backbone_register_must_be_retained
F04,S_minus2_specificity_pocket,"861;862;864;871;908;911;912",A_and_B,prefer_A_Tyr_P_minus_2_over_B_Phe_P_minus_2,high,K912E_changes_pocket_electrostatics
F05,S0_terminal_sidechain_pocket,"858;860;911;912;915;920",A_and_B,prefer_A_Phe_P0_over_B_Ala_P0,high,Y858_F860_are_frozen_anchor_residues_while_L915F_L920V_remodel_the_pocket
F06,P_minus4_charge_discrimination,"863-865;908;912",A_and_B,read_A_Lys_P_minus_4_vs_B_Glu_P_minus_4,medium,charge_reversal_between_A_and_B_is_an_AST_opportunity_beyond_QM
F07,known_QM_epistatic_set,"911;912;915;920",A_and_B,recover_cooperative_four_site_switch,high,do_not_score_sites_independently_only
F08,PDZ_fold_guardrail,"841-930",apo,retain_fold_and_no_core_clashes,critical,apo_state_prevents_false_B_rejection_by_global_unfolding
F09,A_over_B_selectivity,"841-930",joint_A_B,optimize_positive_minus_negative_margin,critical,use_same_candidate_sequence_in_both_states
F10,natural_background,"844",all,preserve_natural_Q_baseline,critical,Q844H_is_retained_only_as_an_experimental_reference_and_is_not_the_default_start
