pdb_id,state,protein_position,protein_aa,peptide_position_1based,pdz_ligand_position,peptide_aa,minimum_heavy_atom_distance_A,protein_atom,peptide_atom,heavy_atom_pairs_within_4A
4GVD,B_SDC1,857,T,8,P0,A,3.625,C,OXT,4
4GVD,B_SDC1,858,Y,8,P0,A,2.677,N,OXT,10
4GVD,B_SDC1,859,G,8,P0,A,2.836,N,O,5
4GVD,B_SDC1,860,F,7,P-1,Y,3.849,O,C,2
4GVD,B_SDC1,860,F,8,P0,A,2.914,O,N,7
4GVD,B_SDC1,861,S,6,P-2,F,3.097,CA,O,3
4GVD,B_SDC1,861,S,7,P-1,Y,3.621,CB,CD1,2
4GVD,B_SDC1,862,L,5,P-3,E,3.343,O,CA,2
4GVD,B_SDC1,862,L,6,P-2,F,2.857,N,O,6
4GVD,B_SDC1,863,S,2,P-6,K,3.109,OG,CD,5
4GVD,B_SDC1,863,S,4,P-4,E,3.652,CA,O,2
4GVD,B_SDC1,864,S,2,P-6,K,3.596,O,C,2
4GVD,B_SDC1,864,S,3,P-5,Q,2.700,O,N,4
4GVD,B_SDC1,864,S,4,P-4,E,3.013,N,O,4
4GVD,B_SDC1,865,V,1,P-7,T,3.411,CA,O,5
4GVD,B_SDC1,866,E,1,P-7,T,3.437,O,CG2,4
4GVD,B_SDC1,876,N,2,P-6,K,3.149,ND2,NZ,2
4GVD,B_SDC1,908,S,6,P-2,F,3.582,OG,CZ,1
4GVD,B_SDC1,911,L,6,P-2,F,3.934,CD2,CE1,1
4GVD,B_SDC1,912,K,6,P-2,F,3.665,CG,CE2,1
4GVD,B_SDC1,915,L,6,P-2,F,3.640,CD1,CB,2
4NXQ,A_Caspr4,857,T,8,P0,F,3.489,CB,O,4
4NXQ,A_Caspr4,858,Y,8,P0,F,2.701,N,O,7
4NXQ,A_Caspr4,859,G,8,P0,F,3.036,N,OXT,4
4NXQ,A_Caspr4,860,F,7,P-1,F,3.845,O,CA,2
4NXQ,A_Caspr4,860,F,8,P0,F,3.023,O,N,4
4NXQ,A_Caspr4,861,S,5,P-3,E,3.421,OG,OE2,2
4NXQ,A_Caspr4,861,S,6,P-2,Y,3.240,CA,O,3
4NXQ,A_Caspr4,861,S,7,P-1,F,3.540,CB,CD1,2
4NXQ,A_Caspr4,862,L,5,P-3,E,3.156,O,CG,4
4NXQ,A_Caspr4,862,L,6,P-2,Y,2.931,O,N,4
4NXQ,A_Caspr4,862,L,8,P0,F,3.939,CD1,CE2,1
4NXQ,A_Caspr4,863,S,4,P-4,K,3.721,CA,O,2
4NXQ,A_Caspr4,864,S,2,P-6,N,3.785,O,O,1
4NXQ,A_Caspr4,864,S,3,P-5,Q,2.571,O,OE1,10
4NXQ,A_Caspr4,864,S,4,P-4,K,2.804,N,O,6
4NXQ,A_Caspr4,864,S,6,P-2,Y,3.916,CB,CE1,1
4NXQ,A_Caspr4,865,V,3,P-5,Q,3.089,CB,OE1,6
4NXQ,A_Caspr4,871,R,6,P-2,Y,3.651,NH2,OH,1
4NXQ,A_Caspr4,876,N,5,P-3,E,3.002,ND2,OE2,4
4NXQ,A_Caspr4,908,S,4,P-4,K,3.547,OG,CE,3
4NXQ,A_Caspr4,908,S,6,P-2,Y,2.576,OG,OH,6
4NXQ,A_Caspr4,911,M,6,P-2,Y,3.378,CE,CZ,4
4NXQ,A_Caspr4,911,M,8,P0,F,3.997,CB,CZ,1
4NXQ,A_Caspr4,912,E,8,P0,F,3.613,OE2,CE1,3
4NXQ,A_Caspr4,915,F,8,P0,F,3.433,CE2,CE2,16
