node_id,name,start_uniprot,end_uniprot,length,secondary_structure,design_policy,rationale
S01,Ncap,841,842,2,cap,freeze,construct_context
S02,beta1,843,849,7,beta_strand,freeze_natural_Q844_background,fold_edge
S03,carboxylate_loop,850,859,10,loop,hard_freeze,contains_Y858_G859_shared_free_C_terminal_carboxylate_anchor
S04,beta2_ligand_strand,860,865,6,beta_strand,hard_freeze,forms_antiparallel_backbone_hydrogen_bonds_with_both_peptides
S05,beta2_beta3_loop,866,871,6,loop,freeze_first_pass,can_read_upstream_and_P_minus_2_context
S06,beta3,872,878,7,beta_strand,freeze_first_pass,fold_core_and_ligand_surface
S07,beta3_alpha1_connector,879,881,3,loop,freeze,short_fold_connector
S08,alpha1,882,887,6,alpha_helix,freeze,fold_core
S09,alpha1_beta4_connector,888,893,6,loop,freeze,structural_connector
S10,beta4,894,898,5,beta_strand,freeze,fold_core
S11,beta4_beta5_loop,899,900,2,loop,freeze,short_turn
S12,beta5,901,902,2,beta_strand,freeze,fold_core
S13,beta5_alpha2_connector,903,906,4,turn,freeze,positions_specificity_helix
S14,alpha2_specificity_helix,907,917,11,alpha_helix,open_911_912_915,contains_three_of_four_known_QM_switch_sites
S15,alpha2_beta6_turn,918,918,1,turn,hard_freeze,proline_turn
S16,beta6,919,925,7,beta_strand,open_920_only,contains_fourth_QM_site_and_completes_terminal_pocket
S17,C_tail,926,930,5,tail,freeze,construct_context
